{
    "lags": 1,
    "n_fut": 1,
    "n_hidden_layers": 3,
    "batch_size": 64,
    "units": 128,
    "dropout": 0.5,
    "epochs": 500,
    "learning_rate": 0.00017597304,
    "reg_l1": 0.0557763152392906,
    "reg_l2": 0.026353311612481466
}