epoch,loss,mean_absolute_error,mean_absolute_percentage_error,root_mean_squared_error,val_loss,val_mean_absolute_error,val_mean_absolute_percentage_error,val_root_mean_squared_error
0,0.9850002527236938,0.8827566504478455,99.44327545166016,0.9924717545509338,0.9736602306365967,0.7347877621650696,99.51148223876953,0.9867421984672546
1,0.9546629786491394,0.868048369884491,97.59233856201172,0.9770685434341431,0.9435169696807861,0.7225255370140076,99.76155090332031,0.971347987651825
2,0.9151162505149841,0.8486846089363098,95.42509460449219,0.9566170573234558,0.8964300155639648,0.7032427191734314,101.22602844238281,0.9467998743057251
3,0.8504257798194885,0.8167859315872192,91.9944839477539,0.9221853613853455,0.8134393095970154,0.6691632270812988,103.75203704833984,0.9019086956977844
4,0.7470797300338745,0.7622751593589783,86.44355010986328,0.8643377423286438,0.6485088467597961,0.5978214740753174,106.99026489257812,0.8053004741668701
5,0.5514498353004456,0.6464189887046814,74.30863952636719,0.7425966858863831,0.31804224848747253,0.39926376938819885,108.95651245117188,0.5639523267745972
6,0.1959168016910553,0.3384627103805542,45.339210510253906,0.44262489676475525,3.1405107975006104,0.7663682103157043,167.56442260742188,1.772148609161377
