{
    "lags": 1,
    "n_fut": 1,
    "n_hidden_layers": 1,
    "batch_size": 128,
    "units": 192,
    "dropout": 0,
    "epochs": 700,
    "learning_rate": 2.2850396e-05,
    "reg_l1": 0.02402420838305387,
    "reg_l2": 0.04789876662766862,
    "features": [
        "close",
        "CPI",
        "INTEREST_RATE"
    ]
}