epoch,loss,mean_absolute_error,mean_absolute_percentage_error,root_mean_squared_error,val_loss,val_mean_absolute_error,val_mean_absolute_percentage_error,val_root_mean_squared_error
0,0.9544002413749695,0.8663680553436279,97.76245880126953,0.9769340753555298,0.8971173763275146,0.7009046673774719,96.18074798583984,0.9471628069877625
1,0.8239150643348694,0.8023239970207214,89.9286117553711,0.9076976776123047,0.7757004499435425,0.6500720381736755,93.57429504394531,0.8807385563850403
