epoch,loss,mean_absolute_error,mean_absolute_percentage_error,root_mean_squared_error,val_loss,val_mean_absolute_error,val_mean_absolute_percentage_error,val_root_mean_squared_error
0,1.7695646286010742,0.7962848544120789,100.36620330810547,0.9246681332588196,3.2660884857177734,1.5286942720413208,100.3079605102539,1.5355358123779297
1,1.7513692378997803,0.7935484051704407,100.06353759765625,0.9213874936103821,3.239762306213379,1.5240650177001953,100.00393676757812,1.5308902263641357
