epoch,loss,mean_absolute_error,mean_absolute_percentage_error,root_mean_squared_error,val_loss,val_mean_absolute_error,val_mean_absolute_percentage_error,val_root_mean_squared_error
0,7.304924964904785,0.8095143437385559,100.56320190429688,0.9350458979606628,8.817780494689941,1.5657880306243896,100.08203125,1.5719431638717651
1,7.13942813873291,0.8087321519851685,100.68433380126953,0.9340753555297852,8.652517318725586,1.5648279190063477,100.0207290649414,1.5709786415100098
2,6.976869583129883,0.8079956769943237,101.33776092529297,0.9331526756286621,8.490190505981445,1.5639312267303467,99.96347045898438,1.5700769424438477
3,6.816817760467529,0.8072391748428345,101.12410736083984,0.9321668148040771,8.330575942993164,1.5630643367767334,99.90814208984375,1.5692057609558105
